{"cameraMode":{"drawMode":0,"name":"Shaded","section":"Shading Mode"},"sceneLighting":true,"audioPlay":false,"sceneViewState":{"m_AlwaysRefresh":false,"showFog":true,"showSkybox":true,"showFlares":true,"showImageEffects":true,"showParticleSystems":true,"showVisualEffectGraphs":true,"m_FxEnabled":true},"in2DMode":false,"pivot":{"x":-1.817421793937683,"y":-4.613687515258789,"z":47.657466888427737},"rotation":{"x":0.4457138776779175,"y":-0.0015974179841578007,"z":0.0009243144886568189,"w":0.895111083984375},"size":46.943695068359378,"orthographic":true}