{"cameraMode":{"drawMode":0,"name":"Shaded","section":"Shading Mode"},"sceneLighting":true,"audioPlay":false,"sceneViewState":{"m_AlwaysRefresh":false,"showFog":true,"showSkybox":true,"showFlares":true,"showImageEffects":true,"showParticleSystems":true,"showVisualEffectGraphs":true,"m_FxEnabled":true},"in2DMode":false,"pivot":{"x":28.181676864624025,"y":6.9694976806640629,"z":33.5523681640625},"rotation":{"x":0.6271021962165833,"y":0.012865399941802025,"z":-0.010328743606805802,"w":0.7786639928817749},"size":33.433563232421878,"orthographic":false}