{"cameraMode":{"drawMode":0,"name":"Shaded","section":"Shading Mode"},"sceneLighting":true,"audioPlay":false,"sceneViewState":{"m_AlwaysRefresh":false,"showFog":true,"showSkybox":true,"showFlares":true,"showImageEffects":true,"showParticleSystems":true,"showVisualEffectGraphs":true,"m_FxEnabled":true},"in2DMode":false,"pivot":{"x":-1.8713650703430176,"y":0.3553619384765625,"z":52.757659912109378},"rotation":{"x":-0.5091937780380249,"y":-0.012395071797072888,"z":0.007334738038480282,"w":-0.8605290055274963},"size":43.057594299316409,"orthographic":false}