{"cameraMode":{"drawMode":0,"name":"Shaded","section":"Shading Mode"},"sceneLighting":true,"audioPlay":false,"sceneViewState":{"m_AlwaysRefresh":false,"showFog":true,"showSkybox":true,"showFlares":true,"showImageEffects":true,"showParticleSystems":true,"showVisualEffectGraphs":true,"m_FxEnabled":true},"in2DMode":false,"pivot":{"x":13.943967819213868,"y":-42.9874267578125,"z":42.56523132324219},"rotation":{"x":-0.5454230904579163,"y":0.0020186062902212145,"z":-0.0013137435307726265,"w":-0.8381514549255371},"size":60.65998840332031,"orthographic":false}